{
    "hue": [
        [
            0.0,
            32.1687796111638,
            32.1687796111638
        ],
        [
            1.0,
            -7.831220388836204,
            -7.831220388836204
        ]
    ],
    "saturation": [
        [
            0.0,
            80.0,
            80.0
        ],
        [
            1.0,
            40.0,
            40.0
        ]
    ],
    "luminance": [
        [
            0.0,
            100.0,
            100.0
        ],
        [
            1.0,
            30.0,
            30.0
        ]
    ],
    "alpha": [
        [
            0.0,
            1.0,
            1.0
        ],
        [
            1.0,
            1.0,
            1.0
        ]
    ],
    "gamma1": 1.1,
    "gamma2": 1.1,
    "space": "hsl"
}