{
    "saturation": [
        [
            0.0,
            100.0,
            100.0
        ],
        [
            0.0,
            100.0,
            100.0
        ],
        [
            1.0,
            100.0,
            100.0
        ]
    ],
    "hue": [
        [
            0.0,
            21.85074586521333,
            21.85074586521333
        ],
        [
            0.5,
            31.85074586521333,
            81.00747354133905
        ],
        [
            1.0,
            222.6405808325136,
            222.6405808325136
        ]
    ],
    "luminance": [
        [
            0.0,
            20.0,
            20.0
        ],
        [
            0.5,
            97.0,
            97.0
        ],
        [
            1.0,
            20.0,
            20.0
        ]
    ],
    "alpha": [
        [
            0.0,
            1.0,
            1.0
        ],
        [
            0.5,
            1.0,
            1.0
        ],
        [
            1.0,
            1.0,
            1.0
        ]
    ],
    "gamma1": 1.3,
    "gamma2": 1.3,
    "space": "hpl"
}
