{
    "hue": [
        [
            0.0,
            83.87134401995974,
            83.87134401995974
        ],
        [
            1.0,
            248.63653085531237,
            248.63653085531237
        ]
    ],
    "saturation": [
        [
            0.0,
            22.0,
            22.0
        ],
        [
            1.0,
            90.0,
            90.0
        ]
    ],
    "luminance": [
        [
            0.0,
            97.0,
            97.0
        ],
        [
            1.0,
            27.0,
            27.0
        ]
    ],
    "alpha": [
        [
            0.0,
            1.0,
            1.0
        ],
        [
            1.0,
            1.0,
            1.0
        ]
    ],
    "gamma1": 1.3,
    "gamma2": 1.3,
    "space": "hsl"
}