{
    "hue": [
        [
            0.0,
            12.168779611163796,
            12.168779611163796
        ],
        [
            1.0,
            262.6405808325136,
            262.6405808325136
        ]
    ],
    "saturation": [
        [
            0.0,
            90.0,
            90.0
        ],
        [
            1.0,
            90.0,
            90.0
        ]
    ],
    "luminance": [
        [
            0.0,
            100.0,
            100.0
        ],
        [
            1.0,
            10.0,
            10.0
        ]
    ],
    "alpha": [
        [
            0.0,
            1.0,
            1.0
        ],
        [
            1.0,
            1.0,
            1.0
        ]
    ],
    "gamma1": 1.1,
    "gamma2": 1.1,
    "space": "hpl"
}