{
    "hue": [
        [
            0.0,
            16.85074586521333,
            16.85074586521333
        ],
        [
            0.5,
            41.85074586521333,
            124.51356857950297
        ],
        [
            1.0,
            272.6405808325136,
            272.6405808325136
        ]
    ],
    "saturation": [
        [
            0.0,
            100.0,
            100.0
        ],
        [
            0.5,
            80.0,
            80.0
        ],
        [
            1.0,
            100.0,
            100.0
        ]
    ],
    "luminance": [
        [
            0.0,
            20.0,
            20.0
        ],
        [
            0.5,
            100.0,
            100.0
        ],
        [
            1.0,
            20.0,
            20.0
        ]
    ],
    "alpha": [
        [
            0.0,
            1.0,
            1.0
        ],
        [
            1.0,
            1.0,
            1.0
        ]
    ],
    "gamma1": 1.0,
    "gamma2": 1.0,
    "space": "hpl"
}
