{
    "hue": [
        [
            0.0,
            233.561001627876,
            233.561001627876
        ],
        [
            1.0,
            282.6114815967624,
            282.6114815967624
        ]
    ],
    "saturation": [
        [
            0.0,
            100.0,
            100.0
        ],
        [
            1.0,
            100.0,
            100.0
        ]
    ],
    "luminance": [
        [
            0.0,
            100.0,
            100.0
        ],
        [
            1.0,
            10.0,
            10.0
        ]
    ],
    "alpha": [
        [
            0.0,
            1.0,
            1.0
        ],
        [
            1.0,
            1.0,
            1.0
        ]
    ],
    "gamma1": 1.0,
    "gamma2": 1.0,
    "space": "hpl"
}