{
    "hue": [
        [
            0.0,
            72.1687796111638,
            72.1687796111638
        ],
        [
            1.0,
            -27.831220388836204,
            -27.831220388836204
        ]
    ],
    "saturation": [
        [
            0.0,
            90.0,
            90.0
        ],
        [
            1.0,
            60.0,
            60.0
        ]
    ],
    "luminance": [
        [
            0.0,
            100.0,
            100.0
        ],
        [
            1.0,
            15.0,
            15.0
        ]
    ],
    "alpha": [
        [
            0.0,
            1.0,
            1.0
        ],
        [
            1.0,
            1.0,
            1.0
        ]
    ],
    "gamma1": 1.1,
    "gamma2": 1.0,
    "space": "hsl"
}
