{
    "hue": [
        [
            0.0,
            178.32423058100474,
            178.32423058100474
        ],
        [
            1.0,
            384.64885092987794,
            384.64885092987794
        ]
    ],
    "saturation": [
        [
            0.0,
            70.0,
            70.0
        ],
        [
            1.0,
            90.0,
            90.0
        ]
    ],
    "luminance": [
        [
            0.0,
            100.0,
            100.0
        ],
        [
            1.0,
            10.0,
            10.0
        ]
    ],
    "alpha": [
        [
            0.0,
            1.0,
            1.0
        ],
        [
            1.0,
            1.0,
            1.0
        ]
    ],
    "gamma1": 1.1,
    "gamma2": 1.1,
    "space": "hpl"
}
