{
    "hue": [
        [
            0.0,
            266.3938439621438,
            266.3938439621438
        ],
        [
            0.5,
            212.1880643826269,
            212.1880643826269
        ],
        [
            0.5,
            85.87418785766941,
            85.87418785766941
        ],
        [
            1.0,
            -19.63250067179257,
            -19.63250067179257
        ]
    ],
    "saturation": [
        [
            0.0,
            40.0,
            40.0
        ],
        [
            0.5,
            90.0,
            90.0
        ],
        [
            0.5,
            90.0,
            90.0
        ],
        [
            1.0,
            40.0,
            40.0
        ]
    ],
    "luminance": [
        [
            0.0,
            30.0,
            30.0
        ],
        [
            0.5,
            100.0,
            100.0
        ],
        [
            0.5,
            100.0,
            100.0
        ],
        [
            1.0,
            30.0,
            30.0
        ]
    ],
    "alpha": [
        [
            0.0,
            1.0,
            1.0
        ],
        [
            1.0,
            1.0,
            1.0
        ]
    ],
    "gamma1": 1.0,
    "gamma2": [
        1.2,
        1.0,
        1.2
    ],
    "space": "hsl"
}