{
    "hue": [
        [
            0.0,
            16.85074586521333,
            16.85074586521333
        ],
        [
            0.5,
            75.87418785766941,
            208.32423058100474
        ],
        [
            1.0,
            262.6405808325136,
            262.6405808325136
        ]
    ],
    "saturation": [
        [
            0.0,
            100.0,
            100.0
        ],
        [
            0.0,
            100.0,
            90.0
        ],
        [
            1.0,
            90.0,
            90.0
        ]
    ],
    "luminance": [
        [
            0.0,
            20.0,
            20.0
        ],
        [
            0.5,
            97.0,
            97.0
        ],
        [
            1.0,
            20.0,
            20.0
        ]
    ],
    "alpha": [
        [
            0.0,
            1.0,
            1.0
        ],
        [
            1.0,
            1.0,
            1.0
        ]
    ],
    "gamma1": [
        1.0,
        1.0
    ],
    "gamma2": [
        1.0,
        1.0
    ],
    "space": "hpl"
}
