{
    "hue": [
        [
            0.0,
            243.561001627876,
            243.561001627876
        ],
        [
            0.5,
            252.6405808325136,
            25.54676413325394
        ],
        [
            1.0,
            12.168779611163796,
            12.168779611163796
        ]
    ],
    "saturation": [
        [
            0.0,
            50.0,
            50.0
        ],
        [
            0.5,
            80.0,
            80.0
        ],
        [
            1.0,
            50.0,
            50.0
        ]
    ],
    "luminance": [
        [
            0.0,
            30.0,
            30.0
        ],
        [
            0.5,
            100.0,
            100.0
        ],
        [
            1.0,
            30.0,
            30.0
        ]
    ],
    "alpha": [
        [
            0.0,
            1.0,
            1.0
        ],
        [
            1.0,
            1.0,
            1.0
        ]
    ],
    "gamma1": 1.0,
    "gamma2": [
        1.2,
        1.2
    ],
    "space": "hsl"
}
