{
    "hue": [
        [
            0.0,
            256.3938439621438,
            256.3938439621438
        ],
        [
            0.5,
            271.3938439621438,
            -19.63250067179257
        ],
        [
            1.0,
            12.168779611163796,
            12.168779611163796
        ]
    ],
    "saturation": [
        [
            0.0,
            40.0,
            40.0
        ],
        [
            0.5,
            90.0,
            90.0
        ],
        [
            1.0,
            40.0,
            40.0
        ]
    ],
    "luminance": [
        [
            0.0,
            30.0,
            30.0
        ],
        [
            0.5,
            100.0,
            100.0
        ],
        [
            1.0,
            30.0,
            30.0
        ]
    ],
    "alpha": [
        [
            0.0,
            1.0,
            1.0
        ],
        [
            1.0,
            1.0,
            1.0
        ]
    ],
    "gamma1": 1.0,
    "gamma2": [
        1.2,
        1.2
    ],
    "space": "hsl"
}
