{
    "hue": [
        [
            0.0,
            76.6429263991849,
            76.6429263991849
        ],
        [
            1.0,
            -153.70438221101313,
            -153.70438221101313
        ]
    ],
    "saturation": [
        [
            0.0,
            35.0,
            35.0
        ],
        [
            1.0,
            59.4,
            59.4
        ]
    ],
    "luminance": [
        [
            0.0,
            100.0,
            100.0
        ],
        [
            1.0,
            20.0,
            20.0
        ]
    ],
    "alpha": [
        [
            0.0,
            1.0,
            1.0
        ],
        [
            1.0,
            1.0,
            1.0
        ]
    ],
    "gamma1": 1.1,
    "gamma2": 1.1,
    "space": "hcl"
}
