{
    "hue": [
        [
            0.0,
            76.6429263991849,
            76.6429263991849
        ],
        [
            1.0,
            -153.70438221101313,
            -153.70438221101313
        ]
    ],
    "saturation": [
        [
            0.0,
            49.5,
            49.5
        ],
        [
            1.0,
            59.4,
            59.4
        ]
    ],
    "luminance": [
        [
            0.0,
            98.47839025044522,
            98.47839025044522
        ],
        [
            1.0,
            25.317276168891716,
            25.317276168891716
        ]
    ],
    "alpha": [
        [
            0.0,
            1.0,
            1.0
        ],
        [
            1.0,
            1.0,
            1.0
        ]
    ],
    "gamma1": 1.3,
    "gamma2": 1.3,
    "space": "hcl"
}