{
    "hue": [
        [
            0.0,
            77.86970377304036,
            77.86970377304036
        ],
        [
            1.0,
            -96.47806005692928,
            -96.47806005692928
        ]
    ],
    "saturation": [
        [
            0.0,
            75.4675473245573,
            75.4675473245573
        ],
        [
            1.0,
            69.84030462564779,
            69.84030462564779
        ]
    ],
    "luminance": [
        [
            0.0,
            98.0,
            98.0
        ],
        [
            1.0,
            19.747132633229626,
            19.747132633229626
        ]
    ],
    "alpha": [
        [
            0.0,
            1.0,
            1.0
        ],
        [
            1.0,
            1.0,
            1.0
        ]
    ],
    "gamma1": 1.2,
    "gamma2": 1.2,
    "space": "hsl"
}
