{
    "hue": [
        [
            0.0,
            127.96440803901788,
            127.96440803901788
        ],
        [
            1.0,
            262.6405808325136,
            262.6405808325136
        ]
    ],
    "saturation": [
        [
            0.0,
            99.0,
            99.0
        ],
        [
            1.0,
            99.0,
            99.0
        ]
    ],
    "luminance": [
        [
            0.0,
            99.0,
            99.0
        ],
        [
            1.0,
            20.0,
            20.0
        ]
    ],
    "alpha": [
        [
            0.0,
            1.0,
            1.0
        ],
        [
            1.0,
            1.0,
            1.0
        ]
    ],
    "gamma1": 1.1,
    "gamma2": 1.1,
    "space": "hpl"
}