{
    "hue": [
        [
            0.0,
            332.6405808325136,
            332.6405808325136
        ],
        [
            1.0,
            -17.831220388836204,
            -17.831220388836204
        ]
    ],
    "saturation": [
        [
            0.0,
            60.0,
            60.0
        ],
        [
            1.0,
            100.0,
            100.0
        ]
    ],
    "luminance": [
        [
            0.0,
            100.0,
            100.0
        ],
        [
            1.0,
            20.0,
            20.0
        ]
    ],
    "alpha": [
        [
            0.0,
            1.0,
            1.0
        ],
        [
            1.0,
            1.0,
            1.0
        ]
    ],
    "gamma1": 1.1,
    "gamma2": 1.1,
    "space": "hpl"
}