{
    "red": [
        [
            0.0,
            0.11765,
            0.11765
        ],
        [
            0.05017332603539501,
            0.0902,
            0.0902
        ],
        [
            0.10189746396642949,
            0.04314,
            0.04314
        ],
        [
            0.1520707900018245,
            0.01569,
            0.01569
        ],
        [
            0.2022441160372195,
            0.09804,
            0.09804
        ],
        [
            0.2538770297390987,
            0.2,
            0.2
        ],
        [
            0.3040503557744937,
            0.4,
            0.4
        ],
        [
            0.3542236818098887,
            0.6,
            0.6
        ],
        [
            0.40594781974092325,
            0.75294,
            0.75294
        ],
        [
            0.4561211457763183,
            0.8,
            0.8
        ],
        [
            0.5,
            0.9337529818181813,
            0.9337529818181813
        ],
        [
            0.5086923658352231,
            0.95294,
            0.95294
        ],
        [
            0.5801209372637945,
            0.99608,
            0.99608
        ],
        [
            0.6494079113126733,
            0.98824,
            0.98824
        ],
        [
            0.7186948853615521,
            0.97255,
            0.97255
        ],
        [
            0.789997480473671,
            0.96078,
            0.96078
        ],
        [
            0.85928445452255,
            0.9451,
            0.9451
        ],
        [
            0.9285714285714286,
            0.85882,
            0.85882
        ],
        [
            1.0,
            0.64314,
            0.64314
        ]
    ],
    "green": [
        [
            0.0,
            0.36078,
            0.36078
        ],
        [
            0.05017332603539501,
            0.43529,
            0.43529
        ],
        [
            0.10189746396642949,
            0.55686,
            0.55686
        ],
        [
            0.1520707900018245,
            0.63137,
            0.63137
        ],
        [
            0.2022441160372195,
            0.7098,
            0.7098
        ],
        [
            0.2538770297390987,
            0.73725,
            0.73725
        ],
        [
            0.3040503557744937,
            0.8,
            0.8
        ],
        [
            0.3542236818098887,
            0.85882,
            0.85882
        ],
        [
            0.40594781974092325,
            0.89804,
            0.89804
        ],
        [
            0.4561211457763183,
            0.90196,
            0.90196
        ],
        [
            0.5,
            0.9362596727272726,
            0.9362596727272726
        ],
        [
            0.5086923658352231,
            0.94118,
            0.94118
        ],
        [
            0.5801209372637945,
            0.87059,
            0.87059
        ],
        [
            0.6494079113126733,
            0.78039,
            0.78039
        ],
        [
            0.7186948853615521,
            0.61569,
            0.61569
        ],
        [
            0.789997480473671,
            0.44706,
            0.44706
        ],
        [
            0.85928445452255,
            0.27843,
            0.27843
        ],
        [
            0.9285714285714286,
            0.11765,
            0.11765
        ],
        [
            1.0,
            0.14902,
            0.14902
        ]
    ],
    "blue": [
        [
            0.0,
            0.70196,
            0.70196
        ],
        [
            0.05017332603539501,
            0.75686,
            0.75686
        ],
        [
            0.10189746396642949,
            0.84706,
            0.84706
        ],
        [
            0.1520707900018245,
            0.90196,
            0.90196
        ],
        [
            0.2022441160372195,
            0.9451,
            0.9451
        ],
        [
            0.2538770297390987,
            0.81176,
            0.81176
        ],
        [
            0.3040503557744937,
            0.80784,
            0.80784
        ],
        [
            0.3542236818098887,
            0.72157,
            0.72157
        ],
        [
            0.40594781974092325,
            0.53333,
            0.53333
        ],
        [
            0.4561211457763183,
            0.29412,
            0.29412
        ],
        [
            0.5,
            0.13636074545454596,
            0.13636074545454596
        ],
        [
            0.5086923658352231,
            0.11373,
            0.11373
        ],
        [
            0.5801209372637945,
            0.15294,
            0.15294
        ],
        [
            0.6494079113126733,
            0.02745,
            0.02745
        ],
        [
            0.7186948853615521,
            0.0549,
            0.0549
        ],
        [
            0.789997480473671,
            0.08235,
            0.08235
        ],
        [
            0.85928445452255,
            0.1098,
            0.1098
        ],
        [
            0.9285714285714286,
            0.14902,
            0.14902
        ],
        [
            1.0,
            0.17255,
            0.17255
        ]
    ]
}